Name|Surname|Institution|Author_id|Article_eid|Year|Num_aut|Num_cit|Article_refs|Num_ref_in_citing|Citing_years
gianmarco|battista|parma|57195054115|2-s2.0-85194075442|2024|7|2|37|0.038262982083206803|[2025, 2024]
gianmarco|battista|parma|57195054115|2-s2.0-85190268676|2024|11|2|72|0.034708737864077674|[2024, 2024]
gianmarco|battista|parma|57195054115|2-s2.0-85202606238|2024|4|0|37|0.0|[]
gianmarco|battista|parma|57195054115|2-s2.0-85197479616|2024|7|3|66|0.07980480480480481|[2025, 2025, 2025]
gianmarco|battista|parma|57195054115|2-s2.0-85186090398|2024|3|1|36|0.02702702702702703|[2024]
gianmarco|battista|parma|57195054115|2-s2.0-85144899463|2023|4|5|47|0.159552967761923|[2024, 2023, 2023, 2023, 2023]
gianmarco|battista|parma|57195054115|2-s2.0-85174056645|2023|7|4|19|0.10442890442890443|[2024, 2024, 2024, 2023]
gianmarco|battista|parma|57195054115|2-s2.0-85145770507|2023|4|3|33|0.09462833914053426|[2025, 2024, 2024]
gianmarco|battista|parma|57195054115|2-s2.0-85143186348|2022|5|0|30|0.0|[]
gianmarco|battista|parma|57195054115|2-s2.0-85129334962|2022|7|2|23|0.02501516070345664|[2024, 2023]
gianmarco|battista|parma|57195054115|2-s2.0-85146898007|2022|5|2|21|0.01651359943482868|[2025, 2024]
gianmarco|battista|parma|57195054115|2-s2.0-85135872282|2022|5|4|12|0.11679915209326974|[2024, 2024, 2024, 2023]
gianmarco|battista|parma|57195054115|2-s2.0-85119299060|2021|7|3|22|0.10758258258258258|[2024, 2024, 2024]
gianmarco|battista|parma|57195054115|2-s2.0-85104081885|2021|6|3|30|0.13825757575757575|[2023, 2022, 2021]
gianmarco|battista|parma|57195054115|2-s2.0-85090350660|2021|5|10|37|0.2596536935694531|[2024, 2024, 2024, 'doi not found or an error occurred.', 2023, 2023, 2022, 2022, 2021, 2021]
gianmarco|battista|parma|57195054115|2-s2.0-85122893536|2021|4|2|37|0.05887445887445887|[2025, 2023]
gianmarco|battista|parma|57195054115|2-s2.0-85079087975|2020|5|14|39|0.24421962291389632|[2025, 2024, 2024, 2023, 2023, 2023, 'doi not found or an error occurred.', 2022, 2021, 2021, 2021, 2021, 2020, 2020]
gianmarco|battista|parma|57195054115|2-s2.0-85079685392|2020|4|16|41|0.31715148008130334|[2024, 2024, 2024, 2024, 2023, 'doi not found or an error occurred.', 2023, 2023, 2022, 2022, 2021, 2021, 2021, 2021]
gianmarco|battista|parma|57195054115|2-s2.0-85068819743|2019|5|21|75|0.5653445789254041|[2025, 2024, 2024, 2024, 2023, 2023, 2023, 2022, 2022, 2021, 2022, 2022, 2021, 2021, 2021, 2021, 2021, 2020, 2020, 2020, 2020]
gianmarco|battista|parma|57195054115|2-s2.0-85051141550|2018|3|17|25|0.6610317314178021|[2025, 2025, 2024, 2025, 'doi not found or an error occurred.', 2024, 2024, 2023, 2023, 2023, 2023, 2022, 2021, 2021, 2021, 2019, 2019]
gianmarco|battista|parma|57195054115|2-s2.0-85060396150|2018|4|3|32|0.09739739739739739|[2021, 2021, 2020]
gianmarco|battista|parma|57195054115|2-s2.0-85025077931|2018|4|20|20|0.09120153743315508|[2024, 2023, 'doi not found or an error occurred.', 2023]
marta|berardengo|genova|55839826700|2-s2.0-85219507335|2025|3|0|40|0.0|[]
marta|berardengo|genova|55839826700|2-s2.0-85206475135|2025|5|0|71|0.0|[]
marta|berardengo|genova|55839826700|2-s2.0-85200757178|2024|6|3|61|0.0375187969924812|[2025, 2024, 2024]
marta|berardengo|genova|55839826700|2-s2.0-85214419553|2024|3|0|14|0.0|[]
marta|berardengo|genova|55839826700|2-s2.0-85207964878|2024|2|0|33|0.0|[]
marta|berardengo|genova|55839826700|2-s2.0-85207655367|2024|5|0|11|0.0|[]
marta|berardengo|genova|55839826700|2-s2.0-85204480778|2024|6|0|37|0.0|[]
marta|berardengo|genova|55839826700|2-s2.0-85202574452|2024|5|1|37|0.014084507042253521|[2025]
marta|berardengo|genova|55839826700|2-s2.0-85202540056|2024|5|0|37|0.0|[]
marta|berardengo|genova|55839826700|2-s2.0-85198716657|2024|5|0|12|0.0|[]
marta|berardengo|genova|55839826700|2-s2.0-85198038470|2024|4|0|23|0.0|[]
marta|berardengo|genova|55839826700|2-s2.0-85163857365|2023|4|12|61|0.11414810257499775|[2025, 2025, 2025, 2024, 2024, 2024]
marta|berardengo|genova|55839826700|2-s2.0-85164911942|2023|3|4|37|0.10283454185893211|[2024, 2024, 2024, 2023]
marta|berardengo|genova|55839826700|2-s2.0-85163943751|2023|6|4|40|0.12662773687618406|[2024, 2024, 2023, 2023]
marta|berardengo|genova|55839826700|2-s2.0-85153726157|2023|3|2|30|0.15555555555555556|[2025, 2023]
marta|berardengo|genova|55839826700|2-s2.0-85141253742|2023|5|15|30|0.27321688379371317|[2025, 2025, 2025, 2024, 2024, 2024, 2024, 2024, 2024, 2024, 2024, 2024, 2023, 2023]
marta|berardengo|genova|55839826700|2-s2.0-85147893705|2023|4|7|65|0.30525446987684307|[2025, 2024, 2024, 2024, 2024, 2023, 2023]
marta|berardengo|genova|55839826700|2-s2.0-85191238383|2023|5|0|32|0.0|[]
marta|berardengo|genova|55839826700|2-s2.0-85179754186|2023|6|1|23|0.02702702702702703|[2024]
marta|berardengo|genova|55839826700|2-s2.0-85147030612|2022|5|2|37|0.05334281650071124|[2023, 2022]
marta|berardengo|genova|55839826700|2-s2.0-85135517821|2022|3|0|28|0.0|[]
marta|berardengo|genova|55839826700|2-s2.0-85118867103|2022|5|9|57|0.21765084375116447|[2024, 2024, 2024, 2024, 2024, 2023, 2023, 'doi not found or an error occurred.', 2022]
marta|berardengo|genova|55839826700|2-s2.0-85150699021|2022|6|4|48|0.19557616296746733|[2024, 2024, 2024, 2023]
marta|berardengo|genova|55839826700|2-s2.0-85143732240|2022|3|1|26|0.07142857142857142|[2024]
marta|berardengo|genova|55839826700|2-s2.0-85143652473|2022|6|5|17|0.19723688962819397|[2024, 2024, 2024, 2023, 2023]
marta|berardengo|genova|55839826700|2-s2.0-85122727156|2022|5|8|57|0.27515580848104604|[2025, 2025, 2024, 2023, 2023, 2023, 2022, 2022]
marta|berardengo|genova|55839826700|2-s2.0-85087515647|2022|4|32|53|0.5960904851801138|[2025, 2025, 2024, 2025, 2024, 2024, 2024, 2023, 2023, 2023, 2023, 2023, 2023, 2023, 2023, 2023, 2023, 2022, 2022, 2022, 2022, 2022, 2023, 2022, 2022, 2022, 2022, 2021, 2021, 2021, 2021, 2021]
marta|berardengo|genova|55839826700|2-s2.0-85122686400|2021|3|3|20|0.12460317460317459|[2025, 2024, 2022]
marta|berardengo|genova|55839826700|2-s2.0-85100049601|2021|4|13|45|0.21258133401658605|[2025, 2025, 2024, 2023, 2023, 2023, 2022, 2022, 2022]
marta|berardengo|genova|55839826700|2-s2.0-85100173188|2021|4|7|31|0.15843351944855705|[2025, 2024, 2024, 2023, 2022, 2022, 2021]
marta|berardengo|genova|55839826700|2-s2.0-85106300621|2021|7|7|63|0.18439148693678462|[2025, 2024, 2024, 2023, 2023, 2022, 2022]
marta|berardengo|genova|55839826700|2-s2.0-85108967171|2021|3|52|39|1.5028018216754715|[2024, 2025, 2025, 2025, 2024, 2024, 2024, 2024, 2024, 2024, 2024, 'doi not found or an error occurred.', 2024, 2024, 2024, 2024, 2024, 2024, 2024, 2024, 2024, 2024, 2024, 2024, 2024, 2024, 2024, 2023, 2023, 2023, 2023, 2023, 2023, 2023, 2023, 2023, 2023, 2023, 2023, 2023, 2022, 2022, 2022, 2022, 2022, 2022, 2022, 2022, 2022, 2022, 2022, 2021]
marta|berardengo|genova|55839826700|2-s2.0-85108297362|2021|3|14|42|0.5208440988914993|[2024, 2024, 2024, 2024, 2024, 2024, 2024, 2023, 2023, 2022, 2022, 2022, 2021, 2021]
marta|berardengo|genova|55839826700|2-s2.0-85104554613|2021|5|15|30|0.5384076194495753|[2025, 2024, 2024, 2023, 2023, 2023, 2023, 2022, 2022, 2022, 2022, 2021, 2021, 2021, 2021]
marta|berardengo|genova|55839826700|2-s2.0-85096195746|2021|4|23|72|0.17712343883118534|[2025, 2024, 2025, 2024, 2024, 2024, 2024, 2024]
marta|berardengo|genova|55839826700|2-s2.0-85123176568|2021|5|1|26|0.045454545454545456|[2024]
marta|berardengo|genova|55839826700|2-s2.0-85123174445|2021|3|1|19|0.038461538461538464|[2022]
marta|berardengo|genova|55839826700|2-s2.0-85120427933|2021|5|4|16|0.2034252297410192|[2024, 2023, 2022, 2022]
marta|berardengo|genova|55839826700|2-s2.0-85104204467|2021|3|7|27|0.19751597721798958|[2025, 'doi not found or an error occurred.', 2024, 2023, 2023, 2022, 2021]
marta|berardengo|genova|55839826700|2-s2.0-85080106697|2020|6|13|52|0.26011733226388467|[2024, 2024, 2024, 2024, 2024, 2022, 2023, 2023, 2022, 2021, 2021, 2021, 2021]
marta|berardengo|genova|55839826700|2-s2.0-85104530142|2020|5|2|32|0.05714285714285714|[2021, 2021]
marta|berardengo|genova|55839826700|2-s2.0-85068175300|2020|4|0|2|0.0|[]
marta|berardengo|genova|55839826700|2-s2.0-85065988712|2020|4|1|30|0.02702702702702703|[2019]
marta|berardengo|genova|55839826700|2-s2.0-85066481503|2019|4|12|55|0.28264441975800925|[2024, 2024, 2024, 2024, 'doi not found or an error occurred.', 2023, 2023, 'doi not found or an error occurred.', 2022, 2022, 2021, 2021]
marta|berardengo|genova|55839826700|2-s2.0-85060944331|2019|4|14|40|0.11396710853138808|[2024, 2023, 2023, 2023, 2023]
marta|berardengo|genova|55839826700|2-s2.0-85050861563|2019|5|25|36|0.5886695921550098|[2025, 2024, 2024, 2024, 'doi not found or an error occurred.', 2023, 2023, 'doi not found or an error occurred.', 2011, 2023, 2021, 'doi not found or an error occurred.', 2022, 'doi not found or an error occurred.', 2021, 2021, 2021, 2020, 'doi not found or an error occurred.', 2020, 2020, 2019, 2019]
marta|berardengo|genova|55839826700|2-s2.0-85101986370|2019|4|0|32|0.0|[]
marta|berardengo|genova|55839826700|2-s2.0-85101955443|2019|4|0|32|0.0|[]
marta|berardengo|genova|55839826700|2-s2.0-85061392300|2019|5|0|13|0.0|[]
marta|berardengo|genova|55839826700|2-s2.0-85061374817|2019|4|0|34|0.0|[]
marta|berardengo|genova|55839826700|2-s2.0-85060719815|2019|5|0|11|0.0|[]
marta|berardengo|genova|55839826700|2-s2.0-85047406555|2018|4|49|38|0.3979451894230571|[2025, 2025, 2024, 2025, 2025, 2024, 2024, 2024, 2023, 2023, 2023, 2023, 2023, 2023, 2023, 2022, 2022, 'doi not found or an error occurred.', 2022, 2022, 2021, 2022]
marta|berardengo|genova|55839826700|2-s2.0-85060810151|2018|5|3|37|0.10213464696223316|[2023, 2020, 2020]
marta|berardengo|genova|55839826700|2-s2.0-85034602293|2018|5|9|15|0.33368568709917246|[2024, 2023, 2023, 2023, 2022, 2021, 2021, 2021, 2020]
marta|berardengo|genova|55839826700|2-s2.0-85060382387|2018|4|0|32|0.0|[]
marta|berardengo|genova|55839826700|2-s2.0-85025097229|2017|4|25|36|0.7093199667854149|[2025, 2024, 2024, 2024, 2024, 2023, 2023, 2023, 2011, 2023, 2022, 2022, 2021, 2021, 2021, 2021, 2020, 2020, 2020, 2019, 2019, 2019, 2018, 2018, 2018]
marta|berardengo|genova|55839826700|2-s2.0-85021325017|2017|3|43|63|0.8889584237926875|[2024, 2024, 2024, 2023, 2023, 2023, 2023, 2022, 2022, 2022, 2022, 2022, 2022, 2022, 2021, 'doi not found or an error occurred.', 2021, 2021, 2021, 2021, 2021, 2020, 2020, 2020, 2020, 2019, 2019, 2019, 2019, 2019, 2019, 2019, 2019, 2019]
marta|berardengo|genova|55839826700|2-s2.0-85029672241|2017|4|29|25|0.5350303425650159|[2025, 2024, 2022, 2022, 2022, 2022, 'doi not found or an error occurred.', 2021, 2021, 2021, 2021, 2020, 'doi not found or an error occurred.', 2021, 2019, 2020, 2020, 2019, 2019, 2019, 2019, 2019]
marta|berardengo|genova|55839826700|2-s2.0-85034262403|2017|3|5|32|0.12636342415754181|[2022, 2021, 2021, 2019, 2018]
marta|berardengo|genova|55839826700|2-s2.0-85033241255|2017|5|7|43|0.26257093204709886|[2024, 2023, 2022, 2021, 2020, 2020, 2019]
marta|berardengo|genova|55839826700|2-s2.0-85026295790|2017|4|2|32|0.0992063492063492|[2020, 2019]
marta|berardengo|genova|55839826700|2-s2.0-84975256607|2016|4|88|25|0.6995855182496952|[2025, 2025, 2025, 2025, 2024, 2025, 2025, 2024, 2024, 2024, 2024, 2024, 2024, 2024, 2024, 2024, 2024, 2024, 2023, 2023, 2023, 2023, 2023, 2023, 2023, 2023, 2023, 2022, 2022, 'doi not found or an error occurred.', 2022, 2022, 2022]
marta|berardengo|genova|55839826700|2-s2.0-85018174983|2016|4|3|32|0.05103359173126615|[2019, 2017]
marta|berardengo|genova|55839826700|2-s2.0-84995390467|2016|4|6|37|0.25747863247863245|[2023, 2020, 2019, 2018]
marta|berardengo|genova|55839826700|2-s2.0-84990841768|2016|3|20|31|0.36312996458767344|[2025, 2024, 2023, 2022, 2022, 2021, 2021, 2021, 2020, 2020, 2020, 2019, 2019, 2019, 2018, 2018]
marta|berardengo|genova|55839826700|2-s2.0-84978771250|2016|4|1|12|0.022222222222222223|[2021]
marta|berardengo|genova|55839826700|2-s2.0-84929501654|2015|4|41|43|0.13238968762224576|[2024, 2023, 2024, 2024, 2024]
marta|berardengo|genova|55839826700|2-s2.0-84966473888|2015|4|20|37|0.30285968628445253|[2024, 2025, 2021, 2021, 2021, 2020, 2021, 2020, 2020, 2020, 2019, 2019, 2019]
marta|berardengo|genova|55839826700|2-s2.0-84945913966|2015|6|2|4|0.034096290449881606|[2020, 2018]
marta|berardengo|genova|55839826700|2-s2.0-84930638687|2015|4|36|26|0.10540275557367444|[2025, 2024, 2024, 2023, 2023]
marta|berardengo|genova|55839826700|2-s2.0-84911061361|2014|4|4|31|0.07651515151515151|[2022, 2019, 2019]
marta|berardengo|genova|55839826700|2-s2.0-84913605569|2014|4|0|32|0.0|[]
marta|berardengo|genova|55839826700|2-s2.0-84883010867|2014|4|0|15|0.0|[]
leonardo|bianchi|politecnico di milano|57219970157|2-s2.0-85214533387|2025|7|0|54|0.0|[]
leonardo|bianchi|politecnico di milano|57219970157|2-s2.0-85200912423|2024|12|2|73|0.03979511426319937|[2025, 2024]
leonardo|bianchi|politecnico di milano|57219970157|2-s2.0-85189460584|2024|4|4|63|0.09111490750146212|[2025, 2025, 2024, 2024]
leonardo|bianchi|politecnico di milano|57219970157|2-s2.0-85182638554|2024|6|5|60|0.0649233974224135|[2025, 2024, 2024, 2024, 2024]
leonardo|bianchi|politecnico di milano|57219970157|2-s2.0-85180459254|2024|9|6|51|0.19947137680698224|[2025, 2024, 2024, 2024, 2024, 2024]
leonardo|bianchi|politecnico di milano|57219970157|2-s2.0-85215005302|2024|3|0|25|0.0|[]
leonardo|bianchi|politecnico di milano|57219970157|2-s2.0-85214995694|2024|11|0|12|0.0|[]
leonardo|bianchi|politecnico di milano|57219970157|2-s2.0-85214978868|2024|6|0|16|0.0|[]
leonardo|bianchi|politecnico di milano|57219970157|2-s2.0-85211736315|2024|4|0|8|0.0|[]
leonardo|bianchi|politecnico di milano|57219970157|2-s2.0-85211732559|2024|4|0|8|0.0|[]
leonardo|bianchi|politecnico di milano|57219970157|2-s2.0-85204903891|2024|4|0|32|0.0|[]
leonardo|bianchi|politecnico di milano|57219970157|2-s2.0-85201142184|2024|11|0|22|0.0|[]
leonardo|bianchi|politecnico di milano|57219970157|2-s2.0-85193674329|2024|9|5|50|0.05536232976475779|[2025, 2025, 2025, 2025, 2024]
leonardo|bianchi|politecnico di milano|57219970157|2-s2.0-85164105799|2023|7|6|60|0.23789682539682538|[2025, 2024, 2024, 2024, 2024]
leonardo|bianchi|politecnico di milano|57219970157|2-s2.0-85170543332|2023|8|4|49|0.12782601509770458|[2025, 2024, 2024, 2024]
leonardo|bianchi|politecnico di milano|57219970157|2-s2.0-85164716220|2023|3|9|42|0.23841064778876633|[2025, 2024, 2024, 2024, 2023, 2024, 2024, 2024, 2023]
leonardo|bianchi|politecnico di milano|57219970157|2-s2.0-85167867421|2023|7|5|62|0.16077807056067925|[2025, 2025, 2024, 2024, 2024]
leonardo|bianchi|politecnico di milano|57219970157|2-s2.0-85141838384|2023|7|6|57|0.21307750372876422|[2024, 2024, 2024, 2024, 2023, 2023]
leonardo|bianchi|politecnico di milano|57219970157|2-s2.0-85146537774|2023|5|12|60|0.38958715565422125|[2025, 2024, 2024, 2024, 2024, 2024, 2024, 2024, 2023, 2023, 2023, 2023]
leonardo|bianchi|politecnico di milano|57219970157|2-s2.0-85148372180|2023|5|2|37|0.037987012987012986|[2024, 2024]
leonardo|bianchi|politecnico di milano|57219970157|2-s2.0-85179645054|2023|4|0|26|0.0|[]
leonardo|bianchi|politecnico di milano|57219970157|2-s2.0-85179641152|2023|6|0|16|0.0|[]
leonardo|bianchi|politecnico di milano|57219970157|2-s2.0-85179637612|2023|5|0|14|0.0|[]
leonardo|bianchi|politecnico di milano|57219970157|2-s2.0-85159715796|2023|4|1|13|0.023809523809523808|[2024]
leonardo|bianchi|politecnico di milano|57219970157|2-s2.0-85136167149|2022|6|15|56|0.3735766357053464|[2025, 2024, 2024, 2024, 2024, 2023, 2023, 2023, 2023, 2023, 2023, 2023, 2023, 2023, 2022]
leonardo|bianchi|politecnico di milano|57219970157|2-s2.0-85142432546|2022|4|1|79|0.015151515151515152|[2023]
leonardo|bianchi|politecnico di milano|57219970157|2-s2.0-85107236858|2022|8|27|51|0.6316230925402077|[2024, 2024, 2024, 2023, 2024, 2024, 2024, 2024, 2023, 2023, 2023, 2023, 2023, 2023, 2023, 2023, 2023, 2023, 2022, 2022, 2022, 2022, 2022, 2022, 2021, 2021, 2021]
leonardo|bianchi|politecnico di milano|57219970157|2-s2.0-85139069719|2022|5|3|23|0.0659587326253993|[2024, 2024, 2024]
leonardo|bianchi|politecnico di milano|57219970157|2-s2.0-85138126939|2022|13|3|16|0.057653172236372244|[2025, 2023, 2022]
leonardo|bianchi|politecnico di milano|57219970157|2-s2.0-85137930201|2022|10|0|18|0.0|[]
leonardo|bianchi|politecnico di milano|57219970157|2-s2.0-85137894946|2022|5|5|36|0.12943905556808782|[2024, 2024, 2023, 2023, 2023]
leonardo|bianchi|politecnico di milano|57219970157|2-s2.0-85124202102|2022|6|67|205|1.7684570157897836|[2025, 2024, 2025, 2025, 2025, 2024, 2025, 2024, 2025, 2024, 2024, 2024, 2024, 2024, 2024, 2024, 2024, 2024, 2024, 2024, 2024, 2024, 2024, 2024, 2024, 2024, 2024, 2024, 2024, 2024, 2024, 2024, 2024, 2024, 2024, 2023, 2023, 2023, 2023, 2023, 2023, 2023, 2023, 2023, 2023, 2023, 2023, 2023, 2023, 2023, 2023, 2022, 2022, 2022, 2022, 2022, 2022, 2022, 2022, 2022, 2022, 2022, 2022, 2022, 2022, 2022, 2022]
leonardo|bianchi|politecnico di milano|57219970157|2-s2.0-85112170806|2022|5|29|68|0.8392640528195079|[2025, 2025, 2024, 2024, 2024, 2024, 2024, 2024, 2024, 2024, 2024, 2024, 2024, 2023, 2023, 2023, 2023, 2023, 2023, 2023, 2022, 2022, 2022, 2022, 2022, 2022, 2022, 2022, 2022]
leonardo|bianchi|politecnico di milano|57219970157|2-s2.0-85114132556|2021|7|1|33|0.023255813953488372|[2021]
leonardo|bianchi|politecnico di milano|57219970157|2-s2.0-85114130771|2021|5|2|20|0.07050528789659224|[2023, 2022]
leonardo|bianchi|politecnico di milano|57219970157|2-s2.0-85112062582|2021|5|1|28|0.004878048780487805|[2022]
leonardo|bianchi|politecnico di milano|57219970157|2-s2.0-85108142862|2021|4|50|61|0.4670541167458921|[2025, 2025, 2025, 2025, 2024, 2024, 2024, 2024, 2024, 2024, 2024, 2024, 2024, 2024, 2024, 2024, 2024, 2024, 2024, 2023, 2023]
leonardo|bianchi|politecnico di milano|57219970157|2-s2.0-85105340456|2021|5|51|56|1.0878350424554215|[2024, 2024, 2024, 2024, 2024, 2024, 2024, 2024, 2024, 2024, 2024, 2024, 2023, 2023, 2023, 2023, 2023, 2023, 2023, 2023, 2023, 2023, 2023, 2023, 2023, 2023, 2023, 2023, 2022, 2022, 2022, 2022, 2022, 2022, 2022]
leonardo|bianchi|politecnico di milano|57219970157|2-s2.0-85096607659|2021|6|47|293|1.1589516686152994|[2025, 2024, 2024, 2024, 2024, 2024, 2024, 2024, 2024, 2024, 2024, 2024, 2024, 2024, 2024, 2023, 2023, 2023, 2023, 2023, 2023, 2023, 2023, 2022, 2022, 2022, 2022, 2022, 2022, 2022, 2022, 2022, 2021, 2021, 2021, 2021, 2021, 2021, 2021, 2021, 2021, 2021, 2021, 2021, 2020, 2020, 2020]
leonardo|bianchi|politecnico di milano|57219970157|2-s2.0-85115674705|2021|7|40|36|1.1623911181265245|[2025, 2025, 2025, 2025, 2025, 2024, 2024, 2024, 2024, 2024, 2024, 2024, 2023, 2024, 2024, 2024, 2024, 2024, 2024, 2024, 2023, 2023, 2023, 2023, 2023, 2023, 2023, 2023, 2023, 2023, 2023, 2023, 2022, 2022, 2022, 2022, 2022, 2022, 2022, 2022]
leonardo|bianchi|politecnico di milano|57219970157|2-s2.0-85111473018|2021|7|21|59|0.5824907090315492|[2025, 2024, 2024, 2024, 2024, 2024, 2024, 2024, 2023, 2023, 2023, 2023, 2023, 2023, 2023, 2022, 2022, 2022, 2022, 2022, 2021]
leonardo|bianchi|politecnico di milano|57219970157|2-s2.0-85096348292|2020|7|48|55|1.4109059265825283|[2025, 2024, 2024, 2024, 2024, 2024, 2024, 2024, 2024, 2024, 2023, 2023, 2023, 2023, 2023, 2023, 2023, 2023, 2022, 2022, 2022, 2022, 2022, 2022, 2022, 2022, 2022, 'doi not found or an error occurred.', 2022, 2022, 2022, 2022, 2022, 2022, 2022, 2021, 2021, 2021, 2021, 2021, 2021, 2021, 2021, 2021, 2021, 2021, 2021, 2021]
leonardo|bianchi|politecnico di milano|57219970157|2-s2.0-85098741224|2020|8|12|25|0.4323504848182527|[2024, 2024, 2024, 2024, 2023, 2022, 2022, 2021, 2021, 2021, 2021, 2021]
paolo|bosetti|trento|6701692558|2-s2.0-85194473618|2024|9|0|42|0.0|[]
paolo|bosetti|trento|6701692558|2-s2.0-85158138309|2023|8|7|60|0.18126340971377292|[2025, 2024, 2024, 2024, 2024, 2024, 2024]
paolo|bosetti|trento|6701692558|2-s2.0-85136849925|2023|4|1|24|0.017543859649122806|[2025]
paolo|bosetti|trento|6701692558|2-s2.0-85163647682|2023|3|3|57|0.17090909090909093|[2024, 2024, 2023]
paolo|bosetti|trento|6701692558|2-s2.0-85161416594|2023|3|7|42|0.17348540216917702|[2025, 2024, 2024, 2024, 2024, 2024, 2023]
paolo|bosetti|trento|6701692558|2-s2.0-85137326866|2022|3|17|59|0.2314671194259124|[2025, 2025, 2024, 2024, 2024, 2024, 2024, 2024, 2024, 2024, 2024, 2024]
paolo|bosetti|trento|6701692558|2-s2.0-85133315874|2022|6|10|39|0.25296122714135894|[2024, 2024, 'doi not found or an error occurred.', 2024, 2023, 2023, 2023, 2023, 2022, 2022]
paolo|bosetti|trento|6701692558|2-s2.0-85122499237|2022|4|32|40|0.7799644747787348|[2025, 2025, 2025, 2025, 2025, 2025, 2025, 2024, 2024, 2024, 2024, 2024, 2024, 2024, 2024, 2024, 2023, 2023, 2023, 2023, 2023, 2023, 2023, 2023, 2022, 2022, 2023, 2023, 2023, 2022, 2022, 2022]
paolo|bosetti|trento|6701692558|2-s2.0-85160772608|2022|5|0|32|0.0|[]
paolo|bosetti|trento|6701692558|2-s2.0-85140465070|2022|4|2|22|0.05083655083655084|[2023, 2022]
paolo|bosetti|trento|6701692558|2-s2.0-85131634419|2022|3|2|27|0.040758676351896686|[2024, 2022]
paolo|bosetti|trento|6701692558|2-s2.0-85105525865|2021|7|42|19|0.46076314249491657|[2025, 2025, 2025, 2025, 2024, 2024, 2024, 2024, 2024, 2024, 2024, 2024, 2024, 2024, 2024, 2024, 2024, 2024, 2024, 2024, 2023, 2023, 2023, 2023, 2023, 2023, 2023, 2023, 2022]
paolo|bosetti|trento|6701692558|2-s2.0-85103773378|2021|5|36|42|0.7066765997363534|[2025, 2025, 2025, 2025, 2024, 2024, 2024, 2024, 2024, 2024, 'doi not found or an error occurred.', 2023, 2024, 2024, 2024, 2024, 2023, 2023, 2023, 2023, 2023, 2022, 2022, 2023, 2023, 2023, 2023]
paolo|bosetti|trento|6701692558|2-s2.0-85122859070|2021|7|8|37|0.19067911896859263|[2024, 2024, 2024, 2024, 2024, 2023, 2023, 2022]
paolo|bosetti|trento|6701692558|2-s2.0-85116974464|2021|5|10|37|0.2946583328162275|[2024, 2024, 2024, 2024, 2023, 2023, 2022, 2022, 2021, 2021]
paolo|bosetti|trento|6701692558|2-s2.0-85103453344|2021|5|5|24|0.182000182000182|[2025, 2024, 2024, 2024, 2023]
paolo|bosetti|trento|6701692558|2-s2.0-85099553335|2020|8|4|18|0.11696428571428572|[2023, 2023, 2022, 2022]
paolo|bosetti|trento|6701692558|2-s2.0-85078900492|2020|3|24|34|0.1496418878568357|[2025, 2025, 2025, 2024, 2024, 2024, 'doi not found or an error occurred.', 2024, 2024]
paolo|bosetti|trento|6701692558|2-s2.0-85103787400|2020|5|1|32|0.023809523809523808|[2021]
paolo|bosetti|trento|6701692558|2-s2.0-85075633360|2019|6|4|11|0.13228359173126614|[2022, 2023, 2023, 2022]
paolo|bosetti|trento|6701692558|2-s2.0-85083298181|2019|4|11|25|0.39578192586432664|[2025, 2024, 2024, 2023, 2023, 2023, 2023, 2021, 2021, 2021, 2020]
paolo|bosetti|trento|6701692558|2-s2.0-85061962575|2019|5|8|15|0.3515531525476983|['doi not found or an error occurred.', 2022, 2022, 2022, 2021, 2021, 2021, 2020]
paolo|bosetti|trento|6701692558|2-s2.0-85062492482|2019|5|11|28|0.3753711370981422|[2023, 2023, 2021, 2021, 2022, 2021, 2020, 2019, 2019, 2019, 2019]
paolo|bosetti|trento|6701692558|2-s2.0-85102063790|2019|2|0|32|0.0|[]
paolo|bosetti|trento|6701692558|2-s2.0-85057636882|2018|3|4|23|0.17735983981693362|[2024, 2022, 2021, 2021]
paolo|bosetti|trento|6701692558|2-s2.0-85050828998|2018|4|10|29|0.19642984400222485|[2022, 2022, 2021, 2021, 2021, 2020, 2020, 2020, 2020, 2019]
paolo|bosetti|trento|6701692558|2-s2.0-85051106602|2018|4|29|50|0.6162151964996962|[2024, 2023, 2023, 2023, 2022, 2022, 2022, 2022, 2022, 2021, 2021, 2021, 2021, 2021, 2021, 2020, 2020, 2020, 2019, 2019, 2019, 2019, 2019, 2019, 2018, 2018, 2018, 2018, 2018]
paolo|bosetti|trento|6701692558|2-s2.0-85050823336|2018|3|5|29|0.08934586033739628|[2022, 2023, 2021, 2021, 2018]
paolo|bosetti|trento|6701692558|2-s2.0-85040257592|2018|3|3|39|0.04903764376941412|[2022, 2022, 2018]
paolo|bosetti|trento|6701692558|2-s2.0-85046164131|2017|4|0|19|0.0|[]
paolo|bosetti|trento|6701692558|2-s2.0-85013643147|2017|5|2|19|0.06036036036036036|[2018, 2017]
paolo|bosetti|trento|6701692558|2-s2.0-84956971984|2016|3|44|39|1.1725464307699314|[2025, 2024, 2024, 2024, 2023, 2023, 2023, 2022, 2020, 2022, 2021, 2021, 2021, 2021, 2020, 2020, 2020, 2019, 2019, 2020, 2020, 2020, 2019, 2019, 2019, 2019, 2018, 2018, 'doi not found or an error occurred.', 2018, 2018, 2018, 2016, 2018]
paolo|bosetti|trento|6701692558|2-s2.0-85018397969|2016|2|1|18|0.004830917874396135|[2020]
paolo|bosetti|trento|6701692558|2-s2.0-85010822195|2016|3|78|49|1.6365997026932557|[2025, 2024, 2025, 2025, 2025, 2024, 2025, 2024, 2024, 2024, 'doi not found or an error occurred.', 2024, 2024, 2023, 2023, 2023, 2023, 2023, 2023, 2023, 2023, 2023, 2022, 2022, 2022, 2022, 2022, 2022, 2022, 2022, 2021, 2022, 2022, 2022, 2022, 2021, 'doi not found or an error occurred.', 2021, 2021, 2021, 2021, 2021, 2021, 2020, 2021, 2021, 2021, 2021, 2021, 2021]
paolo|bosetti|trento|6701692558|2-s2.0-84938774454|2015|3|43|41|1.0440401150474847|[2024, 2024, 2024, 'doi not found or an error occurred.', 2024, 2023, 2023, 2022, 2022, 2022, 2022, 2021, 2022, 2021, 2021, 2020, 2020, 2019, 2021, 2020, 2019, 2019, 2019, 2019, 'doi not found or an error occurred.', 2019, 2018, 2019, 2019, 2018, 2018, 2018, 2018, 2018, 2018, 2018, 2018]
paolo|bosetti|trento|6701692558|2-s2.0-84929315397|2015|5|5|9|0.2521944959015897|[2024, 2024, 2018, 2017, 2017]
paolo|bosetti|trento|6701692558|2-s2.0-84922432028|2015|8|67|130|1.2858700563021734|['doi not found or an error occurred.', 2024, 2024, 2024, 2024, 2024, 2024, 2023, 2023, 2022, 2022, 2022, 2022, 2022, 2021, 2021, 2021, 2021, 2021, 2021, 2021, 2021, 2020, 2020, 2020, 2020, 2020, 2020, 2019, 2019, 2019, 2019, 'doi not found or an error occurred.', 2019, 2019, 2018, 2018, 2018, 2018, 2018, 2018, 2018, 2017, 2018]
paolo|bosetti|trento|6701692558|2-s2.0-84944235777|2015|2|0|13|0.0|[]
paolo|bosetti|trento|6701692558|2-s2.0-84920249406|2014|3|17|33|0.16407536317349214|[2024, 2024, 2023, 2022, 2022, 2021, 2021, 2020]
paolo|bosetti|trento|6701692558|2-s2.0-84949926367|2014|2|4|17|0.18318179662717476|[2019, 2019, 2016, 2015]
paolo|bosetti|trento|6701692558|2-s2.0-84910012669|2014|6|14|21|0.5373050994240292|[2024, 2022, 2023, 2022, 2021, 2020, 2020, 2018, 2019, 2016, 2017, 2015, 2015, 2015]
paolo|bosetti|trento|6701692558|2-s2.0-84904628629|2014|2|36|29|1.3486638875175072|[2025, 2025, 'doi not found or an error occurred.', 2023, 2023, 2023, 2022, 'doi not found or an error occurred.', 2022, 2021, 2021, 2021, 2021, 2021, 2020, 2020, 2020, 2020, 2020, 2019, 2020, 2019, 2019, 2019, 2019, 2019, 2018, 2018, 2017, 2017, 2015, 2016, 2016, 2016, 2015, 2015]
paolo|bosetti|trento|6701692558|2-s2.0-84901296148|2014|3|66|49|1.764901152470687|[2024, 2025, 2024, 2024, 'doi not found or an error occurred.', 2024, 2024, 2024, 2024, 2024, 2023, 2023, 2023, 2023, 2023, 2023, 2022, 2023, 2023, 2023, 2023, 2023, 2023, 2023, 2023, 2023, 2022, 2022, 2022, 2021, 2022, 2021, 2022, 2022, 2021, 2021, 2021, 2021, 2020, 2020, 2020, 2020, 2019, 2019, 2019, 2019, 2019, 'doi not found or an error occurred.', 'doi not found or an error occurred.', 2019, 2019, 2018, 'doi not found or an error occurred.', 2018, 2017, 2018, 2018, 2018]
paolo|bosetti|trento|6701692558|2-s2.0-84887475817|2014|3|5|28|0.2685614185614186|[2024, 2022, 2017, 2016, 2015]
paolo|bosetti|trento|6701692558|2-s2.0-84903451673|2013|2|1|37|0.07692307692307693|[2015]
paolo|bosetti|trento|6701692558|2-s2.0-84888875920|2013|4|16|41|0.43368580165957016|[2024, 2024, 2023, 2023, 2023, 2022, 2021, 2021, 2020, 2021, 2020, 2020, 2019, 2019, 2018, 2019]
paolo|bosetti|trento|6701692558|2-s2.0-84886795754|2013|3|7|13|0.18425114886854105|[2024, 2023, 2019, 2018, 2016, 2017, 2014]
paolo|bosetti|trento|6701692558|2-s2.0-84862297709|2012|100|106|37|0.5531981784890775|[2025, 2025, 2025, 2025, 2025, 2025, 2025, 2025, 2025, 2025, 2024, 2024, 2024, 2024, 2024, 2024, 2024, 2024, 2024]
paolo|bosetti|trento|6701692558|2-s2.0-84868117114|2012|6|6|25|0.2451613725526769|[2024, 2019, 2017, 2015, 2014, 2013]
paolo|bosetti|trento|6701692558|2-s2.0-84855995568|2012|2|31|15|0.28380633134321875|[2024, 2024, 2023, 2022, 2021, 2022, 2020, 2020, 2020]
paolo|bosetti|trento|6701692558|2-s2.0-84882800086|2011|3|1|37|0.02040816326530612|[2023]
paolo|bosetti|trento|6701692558|2-s2.0-84863565250|2011|3|4|37|0.07374557212670071|[2025, 2019, 2017, 2015]
paolo|bosetti|trento|6701692558|2-s2.0-84858992890|2011|3|0|32|0.0|[]
paolo|bosetti|trento|6701692558|2-s2.0-84855929954|2011|3|24|20|0.653636068214053|['doi not found or an error occurred.', 2022, 2020, 2019, 2019, 2018, 'doi not found or an error occurred.', 2017, 2017, 2017, 2017, 2016, 2016, 2016, 'doi not found or an error occurred.', 'doi not found or an error occurred.']
paolo|bosetti|trento|6701692558|2-s2.0-79955787569|2011|96|24|37|0.9625778982686872|[2023, 2022, 2022, 2022, 2021, 2017, 2017, 2015, 'doi not found or an error occurred.', 2015, 2014, 2014, 2014, 2014, 2014, 2013, 2012, 2012, 2012, 2012, 2012, 2011, 2011]
paolo|bosetti|trento|6701692558|2-s2.0-79955772879|2011|101|84|37|2.945301256822665|[2025, 2024, 2024, 2025, 2024, 2024, 2024, 2024, 2024, 2024, 2024, 2024, 2024, 2024, 2023, 2023, 2023, 2022, 2023, 2023, 2023, 2022, 2022, 2022, 2022, 2021, 2020, 2020, 2020, 2019, 2018, 2019, 2018, 2018, 2018, 2017, 2017, 2017, 2017, 2017, 2016, 2016, 2016, 2016, 2015, 'doi not found or an error occurred.', 2015, 2015, 2015, 2015, 2015, 2015, 2015, 2014, 2015, 2014, 2015, 2014, 2014, 2014, 2014, 2014, 2014, 2013, 2013, 2013, 2013, 2013, 2013, 2012, 2012, 'doi not found or an error occurred.', 2012, 2012, 2012, 2012, 2012, 2012, 2011, 2011, 2011]
paolo|bosetti|trento|6701692558|2-s2.0-79955761339|2011|100|75|11|0.9511837374870189|[2025, 2025, 2024, 2024, 2024, 2024, 2024, 2023, 2023, 'doi not found or an error occurred.', 2023, 2022, 2022, 2022, 2022, 2022, 2021, 2021, 2021, 2021, 2021, 2020, 2021, 2020, 2020, 2020]
paolo|bosetti|trento|6701692558|2-s2.0-79955749477|2011|103|33|16|0.5430213242525721|[2025, 2024, 2023, 2022, 2022, 2022, 2022, 2020, 2019, 2018, 2018, 2018, 2017, 2017]
paolo|bosetti|trento|6701692558|2-s2.0-84869190863|2011|11|0|37|0.0|[]
paolo|bosetti|trento|6701692558|2-s2.0-84869187581|2011|7|6|37|0.07323232323232323|[2022, 2020]
paolo|bosetti|trento|6701692558|2-s2.0-84869175843|2011|2|3|37|0.07226512226512227|[2023, 2022, 2013]
paolo|bosetti|trento|6701692558|2-s2.0-79955026920|2011|4|6|13|0.394375698912904|[2024, 2015, 2015, 2014, 2013, 2013]
paolo|bosetti|trento|6701692558|2-s2.0-77956339630|2010|11|44|58|1.3942006869728427|[2024, 2022, 2022, 2022, 2021, 2021, 2020, 2018, 2018, 2017, 2017, 2016, 2016, 2016, 2015, 2015, 2015, 2015, 2014, 2015, 2014, 2014, 2014, 2014, 2014, 2014, 2014, 2014, 2013, 2013, 2012, 2012, 2012, 2012, 2012, 2012]
paolo|bosetti|trento|6701692558|2-s2.0-78651578645|2010|2|2|12|0.08333333333333333|[2020, 2020]
paolo|bosetti|trento|6701692558|2-s2.0-78651550133|2010|5|51|11|1.1822162096070126|[2025, 2024, 2024, 2023, 2023, 2022, 2021, 2020, 2019, 2020, 2020, 2019, 2018, 2018, 2017, 2018, 2018, 2017, 2017, 2015, 2016, 2017, 2017, 2017, 2016, 2016, 2016, 2015]
paolo|bosetti|trento|6701692558|2-s2.0-84881459438|2010|2|0|37|0.0|[]
paolo|bosetti|trento|6701692558|2-s2.0-84881453044|2010|2|1|37|0.02702702702702703|[2011]
paolo|bosetti|trento|6701692558|2-s2.0-77954255060|2010|3|0|37|0.0|[]
paolo|bosetti|trento|6701692558|2-s2.0-84859115578|2009|3|0|32|0.0|[]
paolo|bosetti|trento|6701692558|2-s2.0-77955153754|2009|63|50|16|1.4136901856327855|[2025, 2025, 2024, 2024, 2024, 2024, 2024, 2024, 2023, 2023, 2023, 2023, 2023, 'doi not found or an error occurred.', 2022, 2022, 2022, 2022, 2020, 2020, 2019, 2019, 2019, 2019, 2018, 2018, 2017, 2017, 2017, 2017]
paolo|bosetti|trento|6701692558|2-s2.0-77955124925|2009|62|10|7|0.525343636981568|[2014, 2013, 2012, 2012, 2011, 2011, 2010, 2010, 2009, 2009]
paolo|bosetti|trento|6701692558|2-s2.0-70349491599|2009|12|26|14|0.8279887532940757|[2025, 2025, 2024, 2024, 2024, 2023, 2022, 2021, 2021, 2021, 2020, 2018, 2017, 2017, 2015, 2015, 2013, 2013, 2011, 2011, 2011, 2011, 2010, 2010]
paolo|bosetti|trento|6701692558|2-s2.0-77950942931|2009|65|117|24|0.22099614989141306|[2025, 2025, 2025, 2025, 2024, 2024, 2024, 2024]
paolo|bosetti|trento|6701692558|2-s2.0-70249138762|2009|4|2|37|0.03795202291442892|[2023, 2016]
paolo|bosetti|trento|6701692558|2-s2.0-70249130550|2009|5|1|37|0.02040816326530612|[2016]
paolo|bosetti|trento|6701692558|2-s2.0-70149117499|2009|2|0|37|0.0|[]
paolo|bosetti|trento|6701692558|2-s2.0-69649100615|2008|6|7|20|0.4677325779810252|[2024, 2023, 2018, 2016, 2013, 2011, 2009]
paolo|bosetti|trento|6701692558|2-s2.0-33845628142|2006|16|5|37|0.13975429975429976|[2020, 2015, 2011, 2008]
paolo|bosetti|trento|6701692558|2-s2.0-33751042666|2006|2|6|10|0.5197751322751323|[2021, 2019, 2017, 2017, 2011, 2011]
paolo|bosetti|trento|6701692558|2-s2.0-33751024090|2006|4|14|8|0.02702702702702703|[2022]
paolo|bosetti|trento|6701692558|2-s2.0-85196518403|2006|4|0|17|0.0|[]
paolo|bosetti|trento|6701692558|2-s2.0-85196513446|2006|4|0|13|0.0|[]
paolo|bosetti|trento|6701692558|2-s2.0-33144470616|2005|5|0|32|0.0|[]
paolo|bosetti|trento|6701692558|2-s2.0-21244478988|2005|65|116|26|0.33327347639460647|[2025, 2025, 2025, 2024, 2024, 2024, 2023, 2023, 2022, 2022, 2021]
paolo|bosetti|trento|6701692558|2-s2.0-4644260402|2004|2|1|32|0.0|[]
paolo|bosetti|trento|6701692558|2-s2.0-4644258600|2004|2|1|32|0.0|[]
paolo|bosetti|trento|6701692558|2-s2.0-17444451295|2003|18|145|15|1.8140960371631225|[2025, 2025, 2025, 2025, 2024, 2025, 2025, 2025, 2024, 2024, 2024, 2024, 'doi not found or an error occurred.', 2024, 2024, 2024, 2024, 2024, 'doi not found or an error occurred.', 2023, 2023, 2023, 2023, 2023, 2023, 2023, 2023, 2022, 2023, 2023, 2022, 2022, 2022, 2022, 2022, 2022, 2022, 2021, 2021, 2020, 2020, 2020, 2020, 2020, 2020, 2020, 2019, 2019, 2019, 2019, 2019, 2019, 2018, 2018]
paolo|bosetti|trento|6701692558|2-s2.0-17444435634|2003|20|40|14|0.42763957791330054|[2024, 2022, 2015, 'doi not found or an error occurred.', 2014, 'doi not found or an error occurred.', 2010, 2010, 2009]
paolo|bosetti|trento|6701692558|2-s2.0-0037434440|2003|6|57|35|0.10614469997675607|[2019, 2019, 2018, 2018, 2017, 2017, 2016, 2015]
paolo|bosetti|trento|6701692558|2-s2.0-0033355952|1999|4|19|42|0.37963455375738125|[2023, 2021, 'doi not found or an error occurred.', 2021, 2017, 2017, 2015, 'doi not found or an error occurred.', 2011, 2008, 2006, 2005, 2004, 2004]
paolo|bosetti|trento|6701692558|2-s2.0-0032010589|1998|4|25|12|0.13320108646195603|[2023, 2021, 2021, 2018, 2015, 2015]
gianluca|caposciutti|pisa|56368228500|2-s2.0-86000486096|2025|5|0|55|0.0|[]
gianluca|caposciutti|pisa|56368228500|2-s2.0-85210276277|2025|5|0|23|0.0|[]
gianluca|caposciutti|pisa|56368228500|2-s2.0-85192853474|2024|6|2|34|0.028598484848484845|[2025, 2025]
gianluca|caposciutti|pisa|56368228500|2-s2.0-85212255588|2024|4|0|20|0.0|[]
gianluca|caposciutti|pisa|56368228500|2-s2.0-85197753567|2024|6|0|25|0.0|[]
gianluca|caposciutti|pisa|56368228500|2-s2.0-85179377370|2024|5|3|43|0.07666666666666666|[2024, 2024, 2024]
gianluca|caposciutti|pisa|56368228500|2-s2.0-85164925532|2023|4|3|37|0.07462060991472756|[2025, 2024, 2023]
gianluca|caposciutti|pisa|56368228500|2-s2.0-85147850608|2023|4|2|32|0.04980192416525184|[2025, 2023]
gianluca|caposciutti|pisa|56368228500|2-s2.0-85186490676|2023|4|1|16|0.05|[2024]
gianluca|caposciutti|pisa|56368228500|2-s2.0-85171472963|2023|5|3|18|0.05709652564998477|[2025, 2024, 2024]
gianluca|caposciutti|pisa|56368228500|2-s2.0-85166376704|2023|7|0|30|0.0|[]
gianluca|caposciutti|pisa|56368228500|2-s2.0-85166364490|2023|6|3|26|0.09266757865937073|[2024, 2024, 2023]
gianluca|caposciutti|pisa|56368228500|2-s2.0-85164804718|2023|2|1|9|0.03333333333333333|[2023]
gianluca|caposciutti|pisa|56368228500|2-s2.0-85164769860|2023|2|0|8|0.0|[]
gianluca|caposciutti|pisa|56368228500|2-s2.0-85149873800|2023|3|1|40|0.02127659574468085|[2024]
gianluca|caposciutti|pisa|56368228500|2-s2.0-85128364424|2022|5|19|45|0.43515356638696606|[2025, 2025, 2025, 2024, 2024, 2024, 2024, 2024, 2024, 2023, 2023, 2023, 2023, 'doi not found or an error occurred.', 2023, 2023, 2023, 2023, 2022]
gianluca|caposciutti|pisa|56368228500|2-s2.0-85146901812|2022|4|0|14|0.0|[]
gianluca|caposciutti|pisa|56368228500|2-s2.0-85146829604|2022|5|2|10|0.11666666666666667|[2023, 2023]
gianluca|caposciutti|pisa|56368228500|2-s2.0-85126803176|2022|2|6|23|0.26729591559741417|[2024, 2024, 2023, 2023, 2023, 2022]
gianluca|caposciutti|pisa|56368228500|2-s2.0-85151503572|2022|5|0|32|0.0|[]
gianluca|caposciutti|pisa|56368228500|2-s2.0-85139172464|2022|4|0|27|0.0|[]
gianluca|caposciutti|pisa|56368228500|2-s2.0-85137972337|2022|5|2|37|0.0787878787878788|[2024, 2023]
gianluca|caposciutti|pisa|56368228500|2-s2.0-85133702500|2022|6|1|32|0.022727272727272728|[2023]
gianluca|caposciutti|pisa|56368228500|2-s2.0-85133605033|2022|4|0|15|0.0|[]
gianluca|caposciutti|pisa|56368228500|2-s2.0-85146468970|2021|2|1|11|0.08333333333333333|[2023]
gianluca|caposciutti|pisa|56368228500|2-s2.0-85103790758|2021|8|21|42|0.33236377458467004|[2024, 2024, 2025, 2024, 2024, 2024, 2023, 2023, 2023, 2023, 2023, 2023, 2023, 2023, 2022, 2023, 2022, 2022]
gianluca|caposciutti|pisa|56368228500|2-s2.0-85114964135|2021|5|1|27|0.01639344262295082|[2022]
gianluca|caposciutti|pisa|56368228500|2-s2.0-85114029857|2021|5|1|20|0.01639344262295082|[2022]
gianluca|caposciutti|pisa|56368228500|2-s2.0-85177727058|2021|5|13|27|0.3216206432478811|[2025, 2024, 2024, 2024, 2023, 2023, 2023, 2023, 2023, 2023, 2022, 2022, 2022]
gianluca|caposciutti|pisa|56368228500|2-s2.0-85113715376|2021|5|4|25|0.12345648284980944|[2024, 2024, 2023, 2023]
gianluca|caposciutti|pisa|56368228500|2-s2.0-85100459073|2021|9|28|45|0.5602214916774696|[2025, 2024, 2024, 2024, 2024, 'doi not found or an error occurred.', 2023, 2023, 2023, 2023, 2023, 2023, 2022, 2022, 2022, 2022, 2022, 2022, 2022, 2022, 2021, 2023, 2022, 2022, 2022, 2021, 2021, 2021]
gianluca|caposciutti|pisa|56368228500|2-s2.0-85103245004|2021|5|2|15|0.05925925925925926|[2022, 2021]
gianluca|caposciutti|pisa|56368228500|2-s2.0-85122848554|2021|4|0|37|0.0|[]
gianluca|caposciutti|pisa|56368228500|2-s2.0-85116972631|2021|4|0|34|0.0|[]
gianluca|caposciutti|pisa|56368228500|2-s2.0-85115448701|2021|2|0|37|0.0|[]
gianluca|caposciutti|pisa|56368228500|2-s2.0-85111077417|2021|5|6|24|0.3587632275132275|['doi not found or an error occurred.', 2024, 2022, 2022, 2022, 2022]
gianluca|caposciutti|pisa|56368228500|2-s2.0-85105871874|2021|5|4|38|0.14171735241502684|[2024, 2024, 2023, 2022]
gianluca|caposciutti|pisa|56368228500|2-s2.0-85096425115|2020|4|5|28|0.25329647829647833|[2023, 2023, 2022, 2022, 2021]
gianluca|caposciutti|pisa|56368228500|2-s2.0-85097206234|2020|5|3|28|0.039999547644357994|[2024, 2023, 2022]
gianluca|caposciutti|pisa|56368228500|2-s2.0-85112379203|2020|7|5|27|0.12348484848484848|[2024, 2024, 2023]
gianluca|caposciutti|pisa|56368228500|2-s2.0-85084582910|2020|4|17|33|0.34053227133620284|[2024, 2024, 2024, 2024, 2024, 2023, 2023, 2023, 2022, 2022, 2022, 2022, 2021, 2021, 2021, 2021, 2020]
gianluca|caposciutti|pisa|56368228500|2-s2.0-85091706572|2020|5|3|25|0.05112721417069243|[2025, 2024, 2021]
gianluca|caposciutti|pisa|56368228500|2-s2.0-85089271382|2020|5|9|7|0.435830837238038|[2025, 2024, 'doi not found or an error occurred.', 2024, 2023, 2023, 2022, 2021, 2021]
gianluca|caposciutti|pisa|56368228500|2-s2.0-85088306040|2020|5|5|21|0.16803314188871105|[2024, 2024, 2023, 2021, 2021]
gianluca|caposciutti|pisa|56368228500|2-s2.0-85075404502|2020|6|17|31|0.41425763963012247|[2024, 2023, 2023, 2023, 2022, 2022, 'doi not found or an error occurred.', 2022, 2021, 2021, 2021, 2021, 2021, 2020, 2020, 2020, 2020]
gianluca|caposciutti|pisa|56368228500|2-s2.0-85097439392|2020|6|0|32|0.0|[]
gianluca|caposciutti|pisa|56368228500|2-s2.0-85097433796|2020|6|0|32|0.0|[]
gianluca|caposciutti|pisa|56368228500|2-s2.0-85079606853|2020|4|56|40|0.15480139178266694|[2025, 2025, 2025, 2024, 2024, 2024, 2024, 2024, 2023, 2024]
gianluca|caposciutti|pisa|56368228500|2-s2.0-85065920250|2019|7|20|30|0.32022563498915235|[2024, 2024, 2024, 2023, 2022, 2022, 2022, 2021, 2021, 2021, 2021, 2021, 2021, 2021, 2021, 2020, 2020, 2020, 2020, 2020]
gianluca|caposciutti|pisa|56368228500|2-s2.0-85075636231|2019|7|4|12|0.16962962962962963|[2021, 2020, 2020, 2020]
gianluca|caposciutti|pisa|56368228500|2-s2.0-85061589862|2019|9|30|37|0.6401399630699841|[2025, 2025, 2023, 2024, 2024, 2024, 2024, 2023, 2023, 2023, 2023, 2023, 2023, 2023, 2023, 2023, 2023, 2022, 2022, 2022, 2022, 'doi not found or an error occurred.', 2022, 2022, 2021, 2020, 2020, 2020, 2019, 2019]
gianluca|caposciutti|pisa|56368228500|2-s2.0-85071069391|2019|6|4|32|0.035014093516384646|[2022, 2021, 2020]
gianluca|caposciutti|pisa|56368228500|2-s2.0-85063790585|2019|5|9|12|0.14693477010300693|[2025, 2024, 2024, 2022, 2022, 2022, 2021, 2019, 2019]
gianluca|caposciutti|pisa|56368228500|2-s2.0-85054768867|2018|3|7|27|0.17357162144976315|[2025, 2023, 2022, 2022, 2021, 2020, 2019]
gianluca|caposciutti|pisa|56368228500|2-s2.0-85042384697|2018|5|27|45|0.5348412529725202|[2025, 2025, 2024, 2024, 2023, 2022, 2023, 2023, 2023, 2022, 'doi not found or an error occurred.', 2022, 'doi not found or an error occurred.', 2021, 2021, 2021, 2021, 2021, 2020, 2020, 2020]
gianluca|caposciutti|pisa|56368228500|2-s2.0-85031724934|2018|2|23|32|0.5927010316798634|[2024, 2023, 2023, 2023, 2022, 2022, 'doi not found or an error occurred.', 2022, 2022, 2021, 2021, 2021, 2020, 2021, 2020, 2020, 2020, 2019, 2019, 2019, 2019, 2018, 2018]
gianluca|caposciutti|pisa|56368228500|2-s2.0-85056569191|2018|3|3|12|0.07633477633477634|[2023, 2020, 2020]
gianluca|caposciutti|pisa|56368228500|2-s2.0-85056567115|2018|6|2|13|0.05048076923076923|[2021, 2019]
gianluca|caposciutti|pisa|56368228500|2-s2.0-85049309509|2018|8|2|32|0.020833333333333332|[2021]
gianluca|caposciutti|pisa|56368228500|2-s2.0-85041549054|2017|4|6|17|0.1557055627167001|[2021, 2020, 2020, 2019, 2018, 'doi not found or an error occurred.']
gianluca|caposciutti|pisa|56368228500|2-s2.0-85029774572|2017|3|7|19|0.23271498846510616|[2025, 2023, 2023, 2022, 2022, 'doi not found or an error occurred.', 2019]
gianluca|caposciutti|pisa|56368228500|2-s2.0-85021688240|2017|7|6|32|0.16838534194165472|[2025, 2021, 2018, 'doi not found or an error occurred.', 'doi not found or an error occurred.', 'doi not found or an error occurred.']
gianluca|caposciutti|pisa|56368228500|2-s2.0-85020703854|2017|4|14|23|0.44030374898769625|[2023, 2022, 'doi not found or an error occurred.', 2021, 2020, 2019, 2018, 'doi not found or an error occurred.', 2017, 2018, 2017, 2017, 2017, 'doi not found or an error occurred.']
gianluca|caposciutti|pisa|56368228500|2-s2.0-84988038626|2016|3|3|47|0.10668677727501256|[2018, 2018, 2017]
gianluca|caposciutti|pisa|56368228500|2-s2.0-84907368503|2014|6|3|12|0.1380952380952381|[2024, 2021]
sara|casaccia|politecnica delle marche|55957572000|2-s2.0-85190385558|2024|13|0|67|0.0|[]
sara|casaccia|politecnica delle marche|55957572000|2-s2.0-85208715577|2024|6|0|37|0.0|[]
sara|casaccia|politecnica delle marche|55957572000|2-s2.0-85207917010|2024|15|0|37|0.0|[]
sara|casaccia|politecnica delle marche|55957572000|2-s2.0-85206186227|2024|4|1|37|0.02702702702702703|[2024]
sara|casaccia|politecnica delle marche|55957572000|2-s2.0-85202443165|2024|6|0|18|0.0|[]
sara|casaccia|politecnica delle marche|55957572000|2-s2.0-85201211561|2024|5|0|25|0.0|[]
sara|casaccia|politecnica delle marche|55957572000|2-s2.0-85201209565|2024|6|0|24|0.0|[]
sara|casaccia|politecnica delle marche|55957572000|2-s2.0-85201208546|2024|6|1|19|0.041666666666666664|[2024]
sara|casaccia|politecnica delle marche|55957572000|2-s2.0-85201190721|2024|8|0|25|0.0|[]
sara|casaccia|politecnica delle marche|55957572000|2-s2.0-85201157644|2024|7|0|17|0.0|[]
sara|casaccia|politecnica delle marche|55957572000|2-s2.0-85199572465|2024|9|0|6|0.0|[]
sara|casaccia|politecnica delle marche|55957572000|2-s2.0-85183519374|2024|19|3|68|0.0|[]
sara|casaccia|politecnica delle marche|55957572000|2-s2.0-85183123214|2024|8|3|29|0.0712234555984556|[2024, 2024, 2024]
sara|casaccia|politecnica delle marche|55957572000|2-s2.0-85177855270|2024|4|9|51|0.17936126980446568|[2025, 2025, 2025, 2024, 2024, 2024, 2024, 2024, 2024]
sara|casaccia|politecnica delle marche|55957572000|2-s2.0-85167785950|2023|3|12|36|0.3512771916330822|[2025, 2025, 2025, 2025, 'doi not found or an error occurred.', 2024, 2024, 2024, 2024, 2024, 2024, 2023]
sara|casaccia|politecnica delle marche|55957572000|2-s2.0-85170364596|2023|12|4|25|0.25063161656868904|[2025, 2024, 2024, 2024]
sara|casaccia|politecnica delle marche|55957572000|2-s2.0-85144899463|2023|4|5|47|0.159552967761923|[2024, 2023, 2023, 2023, 2023]
sara|casaccia|politecnica delle marche|55957572000|2-s2.0-85169906924|2023|16|10|67|0.22505353932225172|[2025, 2024, 2024, 2024, 2024, 2024, 2024, 2024, 2023, 2023]
sara|casaccia|politecnica delle marche|55957572000|2-s2.0-85168654244|2023|5|1|16|0.02702702702702703|[2024]
sara|casaccia|politecnica delle marche|55957572000|2-s2.0-85168155131|2023|9|1|26|0.003134796238244514|[2024]
sara|casaccia|politecnica delle marche|55957572000|2-s2.0-85166672694|2023|4|1|47|0.058823529411764705|[2024]
sara|casaccia|politecnica delle marche|55957572000|2-s2.0-85166379776|2023|4|3|24|0.10207060491690473|[2025, 2024, 2024]
sara|casaccia|politecnica delle marche|55957572000|2-s2.0-85165390067|2023|5|2|11|0.03256302521008403|[2024, 2024]
sara|casaccia|politecnica delle marche|55957572000|2-s2.0-85165360988|2023|3|1|21|0.008333333333333333|[2024]
sara|casaccia|politecnica delle marche|55957572000|2-s2.0-85165329931|2023|8|2|16|0.10818713450292397|[2024, 2024]
sara|casaccia|politecnica delle marche|55957572000|2-s2.0-85144847928|2022|4|7|41|0.04316239316239316|[2025, 2024]
sara|casaccia|politecnica delle marche|55957572000|2-s2.0-85135141409|2022|16|21|32|0.4335396302574061|[2025, 2025, 2024, 2024, 2024, 2024, 2024, 'doi not found or an error occurred.', 2024, 2024, 2024, 2024, 2024, 2023, 2023, 2023, 2023, 2023, 2023, 2023, 2023]
sara|casaccia|politecnica delle marche|55957572000|2-s2.0-85129449474|2022|3|15|69|0.5526525263193933|[2025, 2025, 2024, 2024, 2024, 2024, 2024, 2023, 2023, 2023, 2023, 2023, 2022, 2022, 2022]
sara|casaccia|politecnica delle marche|55957572000|2-s2.0-85143834356|2022|14|2|37|0.01924119241192412|[2025, 2024]
sara|casaccia|politecnica delle marche|55957572000|2-s2.0-85140751452|2022|4|0|7|0.0|[]
sara|casaccia|politecnica delle marche|55957572000|2-s2.0-85137902064|2022|9|4|16|0.29251722310545836|[2024, 2024, 2024, 2023]
sara|casaccia|politecnica delle marche|55957572000|2-s2.0-85136107539|2022|4|3|17|0.24929971988795516|[2024, 2024, 2023]
sara|casaccia|politecnica delle marche|55957572000|2-s2.0-85136100102|2022|3|2|18|0.04817927170868347|[2024, 2023]
sara|casaccia|politecnica delle marche|55957572000|2-s2.0-85135872513|2022|4|4|19|0.11032888332638019|[2024, 2023, 2023, 2023]
sara|casaccia|politecnica delle marche|55957572000|2-s2.0-85135802631|2022|3|1|12|0.16666666666666666|[2024]
sara|casaccia|politecnica delle marche|55957572000|2-s2.0-85135791904|2022|4|7|26|0.33139410605336|[2024, 2024, 2024, 2023, 2023, 2023, 2022]
sara|casaccia|politecnica delle marche|55957572000|2-s2.0-85112276501|2021|6|12|43|0.3265758010896407|[2024, 2024, 2024, 2023, 2023, 2022, 2022, 2022, 2022, 2022, 2022, 2022]
sara|casaccia|politecnica delle marche|55957572000|2-s2.0-85112045006|2021|4|24|29|0.11304365270422084|[2023, 2024, 2024, 2024]
sara|casaccia|politecnica delle marche|55957572000|2-s2.0-85114130501|2021|3|8|25|0.20876306818161192|[2025, 2024, 2023, 2022, 2022, 2022, 2022, 2021]
sara|casaccia|politecnica delle marche|55957572000|2-s2.0-85114130057|2021|5|5|18|0.21098290602934566|[2024, 2024, 2022, 2022, 2022]
sara|casaccia|politecnica delle marche|55957572000|2-s2.0-85114034677|2021|4|5|17|0.27215793379586484|[2025, 2024, 2023, 2023, 2023]
sara|casaccia|politecnica delle marche|55957572000|2-s2.0-85112047392|2021|3|6|17|0.37583285486804846|[2023, 2023, 2022, 2022, 2022, 2022]
sara|casaccia|politecnica delle marche|55957572000|2-s2.0-85102645376|2021|7|61|65|1.5016698629545941|[2025, 2025, 2024, 2024, 2024, 2024, 2024, 2024, 2024, 2024, 2024, 2024, 2024, 2024, 2024, 2024, 2024, 2024, 2024, 2023, 2023, 2023, 2023, 2023, 2023, 2023, 2023, 2023, 2023, 2023, 2023, 2023, 2023, 2023, 2023, 2023, 2023, 2023, 2023, 2023, 2023, 2022, 2022, 2022, 2022, 2022, 2022, 2022, 2022, 2022, 2021, 2022, 2022, 2022, 2022, 2022, 2021, 2021, 2021, 2021, 2021]
sara|casaccia|politecnica delle marche|55957572000|2-s2.0-85122783762|2021|4|9|37|0.29205065928190227|[2023, 2023, 2023, 2023, 2023, 2023, 2023, 2022, 2022]
sara|casaccia|politecnica delle marche|55957572000|2-s2.0-85102726780|2021|8|0|15|0.0|[]
sara|casaccia|politecnica delle marche|55957572000|2-s2.0-85101768116|2021|6|8|55|0.2103134905146274|[2024, 2023, 2022, 2022, 2022, 2022, 2022, 2022]
sara|casaccia|politecnica delle marche|55957572000|2-s2.0-85091014595|2020|6|17|66|0.3990821477766622|[2024, 2024, 2024, 2024, 2024, 2023, 2023, 2023, 2022, 2022, 2022, 2022, 2021, 2021]
sara|casaccia|politecnica delle marche|55957572000|2-s2.0-85089541367|2020|11|47|43|1.1696439536590195|[2025, 2023, 2025, 2024, 2024, 2024, 2024, 2024, 2024, 2023, 2023, 2023, 2023, 2023, 2023, 2023, 2023, 2023, 2023, 2023, 2023, 2023, 2022, 2022, 2022, 2022, 2022, 2022, 2022, 2022, 2022, 2022, 2022, 2022, 2022, 2022, 2022, 2021, 2021, 2021, 2021, 2021, 2021, 2021, 2021, 2021, 2020]
sara|casaccia|politecnica delle marche|55957572000|2-s2.0-85087340550|2020|8|30|41|0.9891858731883847|[2025, 2024, 2024, 2024, 2024, 2024, 2023, 2023, 2023, 2023, 2023, 2023, 2022, 2022, 2022, 2022, 2022, 2022, 2022, 2022, 2022, 2022, 2021, 2021, 2021, 2021, 2021, 2021, 2021, 2021]
sara|casaccia|politecnica delle marche|55957572000|2-s2.0-85083814863|2020|6|79|82|1.47877806051205|[2025, 2025, 2025, 2025, 2024, 2025, 2024, 2024, 'doi not found or an error occurred.', 2024, 2024, 2024, 2024, 2024, 2024, 2024, 2024, 2024, 'doi not found or an error occurred.', 2024, 2024, 2023, 2023, 2023, 2023, 2023, 2023, 2023, 2023, 2023, 2023, 2023, 2023, 2023, 2023, 2023, 2022, 2022, 2022, 2022, 2022, 2022, 2022, 2022, 2022, 2022, 2022, 2022, 2021, 2022, 2022, 2022, 2022, 2022, 2022, 2022, 2022, 2021, 2021, 2021, 2021, 2021, 2021, 2021, 2021, 2021, 2021, 2021, 2021, 2021, 2021, 2021, 2021, 2021, 2021, 2020, 2020, 2020, 2020]
sara|casaccia|politecnica delle marche|55957572000|2-s2.0-85088895728|2020|5|17|26|0.5621414237510682|[2024, 2024, 2024, 2023, 2023, 2022, 2022, 2022, 2023, 2022, 2022, 2021, 2021, 2021, 2021, 2021, 2021]
sara|casaccia|politecnica delle marche|55957572000|2-s2.0-85088316913|2020|4|8|23|0.233477024817963|[2024, 2023, 2022, 2022, 2022, 2022, 2022, 2021]
sara|casaccia|politecnica delle marche|55957572000|2-s2.0-85071737940|2019|4|15|33|0.6193590791820327|[2024, 2024, 2024, 2023, 2023, 2023, 2023, 2022, 2022, 2022, 2021, 2020, 2020, 2020, 2020]
sara|casaccia|politecnica delle marche|55957572000|2-s2.0-85072126577|2019|7|15|31|0.5837582504714989|[2024, 2023, 2023, 2023, 2023, 2022, 2022, 2022, 2022, 2021, 2021, 2021, 2021, 2020, 2020]
sara|casaccia|politecnica delle marche|55957572000|2-s2.0-85075636610|2019|8|3|12|0.07810374321466575|[2022, 2021, 2021]
sara|casaccia|politecnica delle marche|55957572000|2-s2.0-85084897541|2019|9|4|52|0.12104640691867816|[2021, 2021, 2021, 2020]
sara|casaccia|politecnica delle marche|55957572000|2-s2.0-85075731419|2019|12|33|12|0.9210618422662766|[2025, 2024, 2021, 2024, 2024, 2023, 2023, 2022, 2023, 2023, 2022, 2022, 2022, 2022, 2022, 2022, 2022, 2022, 2021, 2021, 2021, 2021, 2021, 2021, 2021, 2021, 2020, 2021, 2021, 2020, 2020, 2020, 2020]
sara|casaccia|politecnica delle marche|55957572000|2-s2.0-85061407249|2019|7|4|18|0.2125610948191593|[2021, 2019, 2019, 2019]
sara|casaccia|politecnica delle marche|55957572000|2-s2.0-85061097889|2019|4|1|29|0.030303030303030304|[2023]
sara|casaccia|politecnica delle marche|55957572000|2-s2.0-85060032136|2018|6|2|39|0.051515151515151514|[2021, 2020]
sara|casaccia|politecnica delle marche|55957572000|2-s2.0-85053156092|2018|8|14|13|0.5840664601737345|[2024, 2023, 2022, 2022, 2021, 2021, 2021, 2021, 2020, 2020, 2019, 2019, 2019, 2019]
sara|casaccia|politecnica delle marche|55957572000|2-s2.0-85053143038|2018|5|4|18|0.10448532711441635|[2021, 2020, 2020, 2019]
sara|casaccia|politecnica delle marche|55957572000|2-s2.0-85050306929|2018|13|51|36|0.34714581630336433|[2025, 2024, 2025, 2024, 2024, 2024, 2024, 2024, 2023, 2024, 2023, 2023, 2022, 2022, 2022, 2021, 2022]
sara|casaccia|politecnica delle marche|55957572000|2-s2.0-85029630730|2018|5|0|16|0.0|[]
sara|casaccia|politecnica delle marche|55957572000|2-s2.0-85027854617|2017|5|7|49|0.22968304444188337|[2024, 2021, 2021, 2020, 2020, 2019, 2018]
sara|casaccia|politecnica delle marche|55957572000|2-s2.0-85009072355|2016|5|7|28|0.1694310684380891|[2021, 2021, 2020, 2020, 2019, 2019, 2017]
sara|casaccia|politecnica delle marche|55957572000|2-s2.0-84991716559|2016|6|16|58|0.5035730125307583|[2024, 2023, 2024, 2023, 2021, 2021, 2021, 2021, 2020, 2020, 2020, 2018, 2018, 2018, 2017, 2017]
sara|casaccia|politecnica delle marche|55957572000|2-s2.0-84994121047|2016|8|17|15|0.6315226755730706|[2024, 2022, 2022, 2021, 2020, 2020, 2020, 2019, 2019, 2019, 2018, 2018, 2018, 2018, 2018, 2017, 'doi not found or an error occurred.']
sara|casaccia|politecnica delle marche|55957572000|2-s2.0-84984567319|2016|6|2|19|0.0328740157480315|[2019, 2017]
sara|casaccia|politecnica delle marche|55957572000|2-s2.0-84984537187|2016|6|3|6|0.1124827553398982|[2023, 2020, 2017]
sara|casaccia|politecnica delle marche|55957572000|2-s2.0-84960533070|2016|6|33|251|0.4037631208860677|[2024, 2023, 2022, 2022, 2022, 2022, 2021, 2021, 2021, 2021, 2020, 2020, 2020, 2019, 2019, 2019, 2018, 2018, 2018]
sara|casaccia|politecnica delle marche|55957572000|2-s2.0-84977520583|2016|4|13|32|0.43666777098121395|[2022, 2022, 2021, 2021, 2021, 2021, 2021, 2019, 2019, 2019, 2018, 2018, 2016]
sara|casaccia|politecnica delle marche|55957572000|2-s2.0-84969135496|2016|5|21|37|0.784273949150511|[2023, 2023, 2021, 2021, 2021, 2021, 2021, 2020, 2020, 2019, 2019, 2019, 2019, 2018, 2018, 2018, 2018, 2018, 2018, 2018, 2016]
sara|casaccia|politecnica delle marche|55957572000|2-s2.0-84939529245|2015|5|12|16|0.2449285491909945|[2024, 2023, 2021, 2021, 2021, 2021, 2020, 2020, 2019, 2018]
sara|casaccia|politecnica delle marche|55957572000|2-s2.0-84903641162|2014|6|11|37|0.3138817345825876|[2024, 2022, 2021, 2018, 2019, 2017, 2017, 2017, 2016, 2016, 2016]
sara|casaccia|politecnica delle marche|55957572000|2-s2.0-84891510412|2013|5|11|16|0.26419389371297064|[2023, 2021, 2021, 2020, 2018, 2016, 2016, 2016, 2016, None, 2015]
sara|casaccia|politecnica delle marche|55957572000|2-s2.0-84889807981|2013|5|5|8|0.1080422305623363|[2021, 2020, 2016, 2016, 2015]
paolo|castellini|politecnica delle marche|55785672000|2-s2.0-85214520682|2025|5|0|28|0.0|[]
paolo|castellini|politecnica delle marche|55785672000|2-s2.0-85219054925|2025|7|1|51|0.015384615384615385|[2025]
paolo|castellini|politecnica delle marche|55785672000|2-s2.0-85215783326|2025|3|0|35|0.0|[]
paolo|castellini|politecnica delle marche|55785672000|2-s2.0-85213293427|2024|9|0|33|0.0|[]
paolo|castellini|politecnica delle marche|55785672000|2-s2.0-85207326440|2024|5|0|32|0.0|[]
paolo|castellini|politecnica delle marche|55785672000|2-s2.0-85200877170|2024|5|0|37|0.0|[]
paolo|castellini|politecnica delle marche|55785672000|2-s2.0-85196517806|2024|5|0|8|0.0|[]
paolo|castellini|politecnica delle marche|55785672000|2-s2.0-85194075442|2024|7|2|37|0.038262982083206803|[2025, 2024]
paolo|castellini|politecnica delle marche|55785672000|2-s2.0-85190268676|2024|11|2|72|0.034708737864077674|[2024, 2024]
paolo|castellini|politecnica delle marche|55785672000|2-s2.0-85218353309|2024|10|0|18|0.0|[]
paolo|castellini|politecnica delle marche|55785672000|2-s2.0-85216109913|2024|3|0|24|0.0|[]
paolo|castellini|politecnica delle marche|55785672000|2-s2.0-85216094513|2024|5|0|15|0.0|[]
paolo|castellini|politecnica delle marche|55785672000|2-s2.0-85216072525|2024|2|0|15|0.0|[]
paolo|castellini|politecnica delle marche|55785672000|2-s2.0-85212192742|2024|6|0|32|0.0|[]
paolo|castellini|politecnica delle marche|55785672000|2-s2.0-85201236652|2024|6|0|15|0.0|[]
paolo|castellini|politecnica delle marche|55785672000|2-s2.0-85201165258|2024|7|0|23|0.0|[]
paolo|castellini|politecnica delle marche|55785672000|2-s2.0-85197479616|2024|7|3|66|0.07980480480480481|[2025, 2025, 2025]
paolo|castellini|politecnica delle marche|55785672000|2-s2.0-85197474677|2024|5|0|10|0.0|[]
paolo|castellini|politecnica delle marche|55785672000|2-s2.0-85193540785|2024|7|3|35|0.07898384214173687|[2025, 2024, 2024]
paolo|castellini|politecnica delle marche|55785672000|2-s2.0-85185893378|2024|5|1|25|0.05555555555555555|[2024]
paolo|castellini|politecnica delle marche|55785672000|2-s2.0-85182241686|2023|8|1|37|0.02702702702702703|[2023]
